podcast	ultrafast	remotion_c8_gl-default	1	12.736	11.13	17.12	600	600
podcast	ultrafast	remotion_c8_gl-angle	1	8.881	15.74	16.99	600	600
podcast	ultrafast	remotion_c8_gl-default_mediabunny	1	13.892	15.87	20.79	600	600
podcast	ultrafast	remotion_c8_gl-angle_mediabunny	1	9.653	18.12	17.00	600	600
podcast	ultrafast	fframes_metal_ctx1	1	1.436	15.80	15.80	600	600
podcast	ultrafast	fframes_metal_ctx2	1	1.004	14.61	14.61	600	600
podcast	ultrafast	fframes_vulkan_ctx1	1	1.724	12.59	12.59	600	600
podcast	ultrafast	fframes_vulkan_ctx2	1	.899	13.11	13.11	600	600
motion	ultrafast	remotion_c8_gl-default	1	9.529	12.78	17.98	600	600
motion	ultrafast	remotion_c8_gl-angle	1	10.612	16.70	14.60	600	600
motion	ultrafast	fframes_metal_ctx1	1	2.536	13.67	13.67	600	600
motion	ultrafast	fframes_metal_ctx2	1	1.775	12.66	11.88	600	600
motion	ultrafast	fframes_vulkan_ctx1	1	2.123	10.93	10.93	600	600
motion	ultrafast	fframes_vulkan_ctx2	1	1.387	9.56	9.56	600	600
podcast4k	ultrafast	remotion_c8_gl-default	1	15.377	8.80	14.19	150	150
