remotion_default	1	10.309	17.43
remotion_prebundled_c8	1	9.323	16.24
remotion_prebundled_c12	1	9.067	14.23
remotion_prebundled_c16	1	9.628	13.02
fframes_metal_ctx1	1	7.382	10.42
fframes_metal_ctx2	1	6.503	14.93
fframes_vulkan_ctx2	1	6.149	17.42
fframes_cpu	1	6.681	15.26
remotion_prebundled_c8_ultrafast	1	8.535	17.60
fframes_metal_ctx2_ultrafast	1	2.618	14.10
fframes_cpu_ultrafast	1	8.269	12.29
remotion_default	2	13.495	30.20
remotion_prebundled_c8	2	12.226	25.22
remotion_prebundled_c12	2	12.690	31.14
remotion_prebundled_c16	2	11.936	23.98
fframes_metal_ctx1	2	7.500	19.43
fframes_metal_ctx2	2	6.428	15.57
fframes_vulkan_ctx2	2	6.164	11.41
fframes_cpu	2	6.564	13.27
remotion_prebundled_c8_ultrafast	2	8.432	18.44
fframes_metal_ctx2_ultrafast	2	2.619	15.34
fframes_cpu_ultrafast	2	3.114	11.79
remotion_default	3	13.237	11.59
remotion_prebundled_c8	3	12.218	8.96
remotion_prebundled_c12	3	12.569	9.92
remotion_prebundled_c16	3	33.350	9.06
fframes_metal_ctx1	3	8.998	75.65
fframes_metal_ctx2	3	6.459	55.05
fframes_vulkan_ctx2	3	6.388	42.41
fframes_cpu	3	7.193	27.63
remotion_prebundled_c8_ultrafast	3	7.544	28.38
fframes_metal_ctx2_ultrafast	3	2.616	19.47
fframes_cpu_ultrafast	3	3.227	16.19
remotion_default	4	10.120	11.43
remotion_prebundled_c8	4	9.490	10.19
remotion_prebundled_c12	4	9.419	10.75
remotion_prebundled_c16	4	9.429	13.61
fframes_metal_ctx1	4	7.413	14.56
fframes_metal_ctx2	4	6.270	12.37
fframes_vulkan_ctx2	4	6.140	14.81
fframes_cpu	4	6.618	18.19
remotion_prebundled_c8_ultrafast	4	7.556	20.37
fframes_metal_ctx2_ultrafast	4	2.571	16.86
fframes_cpu_ultrafast	4	3.137	12.98
remotion_default	5	10.444	12.01
remotion_prebundled_c8	5	9.628	13.74
remotion_prebundled_c12	5	9.752	11.28
remotion_prebundled_c16	5	9.739	12.66
fframes_metal_ctx1	5	7.504	11.70
fframes_metal_ctx2	5	6.315	10.59
fframes_vulkan_ctx2	5	6.208	9.05
fframes_cpu	5	6.620	16.71
remotion_prebundled_c8_ultrafast	5	7.145	18.48
fframes_metal_ctx2_ultrafast	5	2.560	15.31
fframes_cpu_ultrafast	5	3.147	12.24
