remotion_default	1	10.631	19.37
remotion_prebundled_c8	1	9.997	30.13
remotion_prebundled_c12	1	10.656	39.66
remotion_prebundled_c16	1	10.897	47.98
fframes_metal_ctx1	1	8.339	54.89
fframes_metal_ctx2	1	8.189	57.50
fframes_vulkan_ctx2	1	7.406	58.74
fframes_cpu	1	7.979	64.28
remotion_prebundled_c8_ultrafast	1	9.147	64.34
fframes_metal_ctx2_ultrafast	1	2.758	58.29
fframes_cpu_ultrafast	1	3.607	54.90
remotion_default	2	11.917	51.15
remotion_prebundled_c8	2	11.204	59.43
remotion_prebundled_c12	2	12.924	64.35
remotion_prebundled_c16	2	14.075	66.41
fframes_metal_ctx1	2	9.654	63.35
fframes_metal_ctx2	2	9.123	58.71
fframes_vulkan_ctx2	2	9.269	64.42
fframes_cpu	2	9.710	68.81
remotion_prebundled_c8_ultrafast	2	8.636	74.79
fframes_metal_ctx2_ultrafast	2	4.009	68.18
fframes_cpu_ultrafast	2	4.694	64.08
remotion_default	3	15.269	63.19
remotion_prebundled_c8	3	12.456	58.90
remotion_prebundled_c12	3	12.493	65.91
remotion_prebundled_c16	3	12.430	67.71
fframes_metal_ctx1	3	9.683	68.03
fframes_metal_ctx2	3	8.655	71.23
fframes_vulkan_ctx2	3	8.466	71.08
fframes_cpu	3	9.121	64.00
remotion_prebundled_c8_ultrafast	3	9.123	68.97
fframes_metal_ctx2_ultrafast	3	2.823	60.32
fframes_cpu_ultrafast	3	4.261	56.37
